time,mag,magerr,band
58741.11953700008,18.745899200439453,0.1235579997301101,g
58744.119386599865,18.273399353027344,0.0808089971542358,R
58747.12872690009,19.220600128173828,0.1476799994707107,g
58747.2077314998,18.28809928894043,0.0979259982705116,R
58758.14597220021,19.816200256347656,0.2015459984540939,g
58761.13274310017,18.688796997070312,0.1296631246805191,R
