time,mag,magerr,band
58769.51863430021,19.410999298095703,0.2025730013847351,g
58791.50539349997,19.539342880249023,0.1280001699924469,R
