time,mag,magerr,band
58367.147986100055,18.740009307861328,0.1011523827910423,R
60174.20563660003,19.95099258422852,0.2167401909828186,g
