time,mag,magerr,band
58336.19733799994,19.867816925048828,0.210604041814804,R
60140.20728009986,20.21742057800293,0.1962567567825317,g
