time,mag,magerr,band
58837.4526157002,18.61400032043457,0.0832749977707862,R
58838.4718865999,19.493900299072266,0.3034630119800567,g
58846.45416670013,18.965999603271484,0.0722590014338493,R
58846.4839583002,19.82819938659668,0.1613849997520446,g
58899.26178239984,20.65654182434082,0.2046521455049514,R
