time,mag,magerr,band
58760.27151620016,18.65970039367676,0.0958430022001266,R
58764.33465280011,18.97484588623047,0.156476229429245,g
