time,mag,magerr,band
60059.21499999985,19.482807159423828,0.1140384748578071,R
