time,mag,magerr,band
59476.2192592998,19.545700073242188,0.2446639984846115,g
59480.20435190015,18.83100128173828,0.0988314673304557,R
59480.33372690016,18.921369552612305,0.1424054950475692,g
59485.20358800003,18.62335205078125,0.0745236128568649,R
59489.21891199984,18.585811614990234,0.0859606340527534,g
59491.179560199846,18.67001724243164,0.0718047693371772,R
59502.13686340023,19.36319923400879,0.1756020039319992,g
59524.09954860015,19.897668838500977,0.2003605216741562,R
