time,mag,magerr,band
59776.32726849988,18.626399993896484,0.1548890024423599,R
59787.2647338002,19.2544002532959,0.1115830019116401,g
59789.24136570003,18.77110290527344,0.1277132928371429,R
