time,mag,magerr,band
58788.34128470021,18.061920166015625,0.1936998516321182,R
