time,mag,magerr,band
58601.253888899926,18.94418716430664,0.1066673994064331,R
