time,mag,magerr,band
58618.22276620008,17.91581916809082,0.0611333735287189,R
