time,mag,magerr,band
60206.34212959977,17.95829963684082,0.0578659996390342,g
60209.29378469987,18.04450035095215,0.1025530025362968,R
60230.32184030023,19.01193618774414,0.1033006832003593,g
