time,mag,magerr,band
58306.220335599966,19.234399795532227,0.1241730004549026,g
58311.17777779978,18.822900772094727,0.1374240070581436,R
58316.17236110009,18.455564498901367,0.0863589495420456,g
