time,mag,magerr,band
58305.18276620004,19.03820037841797,0.1411210000514984,R
60291.44966439996,18.59319305419922,0.0767496600747108,g
