time,mag,magerr,band
58482.18631940009,18.109514236450195,0.0765420496463775,R
