time,mag,magerr,band
58376.32729170006,18.944299697875977,0.1110880002379417,g
58376.35809030011,18.94890022277832,0.0861700028181076,R
58379.36035879981,18.951499938964844,0.085837997496128,g
58382.35336809978,19.112699508666992,0.0967559963464737,R
58382.39313660003,19.4783992767334,0.1952670067548751,g
58388.27578700008,19.34736633300781,0.2027059644460678,R
