time,mag,magerr,band
58785.4947453998,18.922800064086918,0.1117499992251396,R
58789.51229170011,18.02039909362793,0.0709040015935897,g
58799.473796300124,17.52869987487793,0.0558310002088546,R
58804.47603010014,17.86520004272461,0.1084920018911361,g
58804.52886570012,17.66629981994629,0.0677110031247139,R
58812.42898150021,18.162900924682617,0.0875049978494644,g
58833.4851505002,19.433000564575195,0.1901410073041916,R
58836.55534720002,20.642200469970703,0.260886013507843,g
58852.554791700095,20.53059196472168,0.1813096404075622,R
