time,mag,magerr,band
58522.463657400105,17.106599807739258,0.0528890006244182,g
58522.53722220007,16.562700271606445,0.0384959988296031,R
58526.44971060008,17.674400329589844,0.0540140010416507,g
58526.499317099806,16.68470001220703,0.0367450006306171,R
58559.34052080009,19.664926528930664,0.1839815825223922,g
