time,mag,magerr,band
58746.39089119993,18.847299575805664,0.1056379973888397,g
58749.303588000126,18.489900588989254,0.0711489990353584,R
58756.41435190011,18.30299949645996,0.053856998682022,g
58763.37413189979,18.135400772094727,0.060878999531269,R
58766.4233448999,18.461700439453125,0.0712670013308525,g
58769.35782410018,18.676300048828125,0.1153289973735809,R
58769.48626160016,18.961000442504883,0.1876540035009384,g
58779.29542820016,19.5996208190918,0.1031345799565315,R
