time,mag,magerr,band
58280.1961110998,19.55578994750977,0.1091353744268417,R
58280.21675929986,20.22554588317871,0.1801788657903671,g
58283.20285880007,19.71199989318848,0.1348180025815963,R
58289.193738400005,20.06480026245117,0.2390410006046295,g
58289.220046299975,19.73856544494629,0.1788023859262466,R
58849.5124189998,19.431900024414062,0.0684660002589225,g
58851.45760420011,20.57690048217773,0.2381229996681213,R
59900.48973379983,19.70103645324707,0.1936004757881164,g
