time,mag,magerr,band
58833.37843749998,18.95039939880371,0.1596670001745224,R
58836.40855319984,19.42329978942871,0.0888409987092018,g
58836.45565970009,19.147899627685547,0.0708509981632232,R
58850.42451390019,19.95199966430664,0.272706001996994,g
58852.43092590012,19.47719955444336,0.0870760008692741,R
58852.47552079987,20.371400833129883,0.2245630025863647,g
58862.21931710001,19.94486618041992,0.191628485918045,R
