time,mag,magerr,band
58667.196562500205,18.684200286865234,0.068522997200489,g
58670.18054400012,18.92729949951172,0.1145050004124641,R
58673.18229170004,18.675500869750977,0.1040759980678558,g
58673.1994097,18.72640037536621,0.087957002222538,R
58676.181828700006,18.67959976196289,0.107814997434616,g
58683.24067129986,18.993000030517575,0.1180939972400665,R
58692.204976900015,19.4007625579834,0.1443000435829162,g
