time,mag,magerr,band
58705.15695599979,19.037900924682617,0.1118870005011558,R
58708.15960650006,18.279300689697266,0.079986996948719,g
58712.24153940007,18.313100814819336,0.0950089991092681,R
58726.15834489977,18.51070022583008,0.1015970036387443,g
58734.12924769986,18.47439956665039,0.0853720009326934,R
58734.17554400023,18.84160041809082,0.1153170019388198,g
58749.12043979997,18.56629943847656,0.0768480002880096,R
58749.13658560021,19.1968994140625,0.1461060047149658,g
58761.11217590002,18.8579158782959,0.1349854618310928,R
