time,mag,magerr,band
58266.23925929982,18.12569999694824,0.0628869980573654,R
58272.193437499925,19.142688751220703,0.0735300630331039,g
58292.24079860002,19.106555938720703,0.1518468409776687,R
60260.48958329996,19.65329933166504,0.1664579957723617,g
60263.4301041998,18.243099212646484,0.1863169968128204,R
60287.47329859994,19.84354782104492,0.1998861581087112,g
