time,mag,magerr,band
58636.42348380014,18.554399490356445,0.0864569991827011,R
58647.47251159977,19.06679916381836,0.1141489967703819,g
58669.42063659988,19.24860000610352,0.1057490035891532,R
58672.42916670023,20.30270004272461,0.2046010047197342,g
58672.46530089993,19.364500045776367,0.1359940022230148,R
58675.4501852002,20.367599487304688,0.2008949965238571,g
58706.40307869995,19.93264579772949,0.1333357691764831,R
