time,mag,magerr,band
58745.45925930003,19.24220085144043,0.1933570057153701,R
58751.39829860022,19.109100341796875,0.121018998324871,g
58756.48078700015,18.88249969482422,0.1017659977078437,R
58760.37598379981,19.71910095214844,0.1758500039577484,g
58760.502141200006,18.918500900268555,0.1366270035505294,R
58764.37586810021,19.94244956970215,0.1919908076524734,g
