time,mag,magerr,band
58362.15388889983,19.71603202819824,0.1385998874902725,R
60161.19758100016,20.499460220336918,0.2165127694606781,g
