time,mag,magerr,band
58831.45178239979,17.2367000579834,0.0405259989202022,R
58831.55318289995,17.92169952392578,0.0596619993448257,g
58837.45673609991,16.92099952697754,0.0400349982082843,R
58837.49906249996,17.803800582885742,0.0567930005490779,g
58846.47409720021,17.49920082092285,0.0423819981515407,R
58846.50804399978,18.877500534057617,0.0871549993753433,g
58849.44376160018,17.729299545288086,0.0464750006794929,R
58849.51886569988,19.029300689697266,0.0974270030856132,g
58860.38880789978,18.488117218017575,0.1597582250833511,R
