time,mag,magerr,band
58618.22184030013,18.99159812927246,0.1240336522459983,R
