time,mag,magerr,band
58314.17438660003,19.161357879638672,0.1453636288642883,R
60291.47276620008,18.70580673217773,0.0840869322419166,g
