time,mag,magerr,band
58801.2096874998,17.789899826049805,0.1054989993572235,g
58801.31312499987,17.425800323486328,0.0651409998536109,R
58811.27165509993,18.876100540161133,0.1358339935541153,g
58814.21057870006,17.985286712646484,0.0692570656538009,R
