time,mag,magerr,band
58852.53466439992,19.608800888061523,0.168283000588417,g
58859.48717590002,18.872100830078125,0.1504350006580352,R
58867.450625000056,20.05500030517578,0.235834002494812,g
58936.42391199991,19.72080421447754,0.1837608367204666,R
