time,mag,magerr,band
58684.20667820005,19.88599967956543,0.1711969971656799,g
58692.17730320012,18.265100479125977,0.1156350001692771,R
58692.197256899904,18.129600524902344,0.0886150002479553,g
58705.16428240016,18.94852638244629,0.1516062170267105,R
