time,mag,magerr,band
58439.39730319986,18.70219993591309,0.1813270002603531,R
58898.28879630007,18.89679908752441,0.1366090029478073,g
58898.31891199993,18.714599609375,0.1923920065164566,R
60082.24090280011,18.99961853027344,0.1534431427717209,g
60234.526006899774,18.52120018005371,0.1594830006361007,R
60291.46217590012,18.95068359375,0.1280925869941711,g
