time,mag,magerr,band
58744.49371530023,18.74370002746582,0.1070280000567436,g
58756.49068289995,18.652999877929688,0.0718080028891563,R
58769.51394680003,19.8617000579834,0.30935999751091,g
58790.49283559993,19.896936416625977,0.1997164934873581,R
