time,mag,magerr,band
58846.09930559993,19.91770362854004,0.1986824423074722,g
