time,mag,magerr,band
58541.249201400205,18.48100471496582,0.0866889804601669,g
