time,mag,magerr,band
59713.277338000014,19.606199264526367,0.2485840022563934,R
59715.26076389989,18.77803611755371,0.1080871596932411,g
59719.3313310002,18.1922550201416,0.0697321742773056,R
59738.21494209999,18.798076629638672,0.0907128453254699,g
59740.21839120006,18.61246490478516,0.0876801684498786,R
59740.25503470004,18.98079490661621,0.1021380349993705,g
59742.28075229982,18.489734649658203,0.0766683593392372,R
59760.221469900105,20.531810760498047,0.2100864797830581,g
