time,mag,magerr,band
60231.45012729988,18.531400680541992,0.0667499974370002,g
60233.48844909994,18.47170066833496,0.0645470023155212,R
60233.50663190009,18.633399963378903,0.0845260024070739,g
60235.45378470002,18.559499740600582,0.0833119973540306,R
60237.470671299845,18.870100021362305,0.087966002523899,g
60241.43100690004,19.00629997253418,0.1443600058555603,R
60241.44734949991,19.35890007019043,0.1473249942064285,g
60246.4896296002,19.09864044189453,0.1557857692241668,R
