time,mag,magerr,band
58448.55482639978,17.957000732421875,0.0670839995145797,R
58450.48895830009,17.421600341796875,0.0522620007395744,g
58465.51261569979,20.125751495361328,0.2064121663570404,R
