time,mag,magerr,band
58321.21206020005,19.36400032043457,0.1325730681419372,R
58324.294108800124,19.233379364013672,0.2084596008062362,g
58327.29350689985,18.951690673828125,0.1458648443222046,R
58330.18729169993,20.30340003967285,0.234822005033493,g
58333.161574100144,19.19543838500977,0.1033057197928428,R
58333.17185189994,20.43387222290039,0.1990592628717422,g
58346.18300929992,19.931432723999023,0.184882640838623,R
