time,mag,magerr,band
58306.174305600114,18.75882339477539,0.1510214060544967,R
59889.49767359998,19.5935115814209,0.2012042552232742,g
