time,mag,magerr,band
59673.414467600174,19.39191436767578,0.201880931854248,g
