time,mag,magerr,band
58367.147986100055,19.1656436920166,0.1608577072620391,R
60174.20563660003,19.98763656616211,0.2056967318058014,g
