time,mag,magerr,band
58480.44030090002,18.536800384521484,0.1108009964227676,R
58480.4835994998,18.24930000305176,0.0895439982414245,g
58481.47809030023,18.62217712402344,0.1100418642163276,R
