time,mag,magerr,band
58580.447743100114,20.519399642944336,0.3291800022125244,g
58584.40864579985,18.756200790405277,0.0896330028772354,R
58587.45157410018,19.12829971313477,0.1121290028095245,g
58596.4090741002,19.72103881835937,0.1863716542720794,R
