time,mag,magerr,band
58502.43978009978,19.185535430908203,0.2112423926591873,g
58502.50379629992,18.83536529541016,0.1284684240818023,R
