time,mag,magerr,band
58714.35042819986,18.58876609802246,0.1095388457179069,R
