time,mag,magerr,band
58732.301921300124,18.56739997863769,0.0636150017380714,g
58744.35864580004,18.42289924621582,0.0891679972410202,R
58747.27495370014,18.929000854492188,0.1083009988069534,g
58754.2056828998,18.60449981689453,0.0945919975638389,R
58757.18903939985,19.392099380493164,0.1119929999113082,g
58769.12171299989,18.981300354003903,0.1242630034685134,R
58769.19347220007,19.681299209594727,0.2640849947929382,g
58801.07259259978,19.480260848999023,0.1700467616319656,R
