time,mag,magerr,band
58639.25188660016,19.534299850463867,0.1559440046548843,g
58653.22859949991,18.93939971923828,0.1576489955186844,R
58665.18972219992,19.75329971313477,0.1997410058975219,g
58668.17533560004,18.956148147583008,0.0969978347420692,R
