time,mag,magerr,band
58464.25780089991,18.58478736877441,0.0735486596822738,R
