time,mag,magerr,band
58344.30841440009,18.980300903320312,0.1181909963488578,R
58344.34526620014,19.437400817871094,0.1237069964408874,g
58347.41160879983,18.691654205322266,0.0720748901367187,R
58350.35017360002,19.16513442993164,0.1177305206656456,g
58359.19621529989,19.02501106262207,0.1135205850005149,R
58362.24392359983,20.29850006103516,0.2185799926519394,g
58365.20013889996,19.659299850463867,0.1379610002040863,R
58368.26675930014,20.42009925842285,0.2826389968395233,g
60092.27251160005,20.14922332763672,0.2023992389440536,R
