time,mag,magerr,band
58567.228703700006,19.96969985961914,0.1812700033187866,R
58581.21136569977,19.002099990844727,0.0797500014305114,g
58584.185972199775,19.04599952697754,0.1067380011081695,R
58591.18579859985,18.941699981689453,0.1624490022659301,g
58594.154606500175,19.02750015258789,0.0795399993658065,R
58594.18922450021,18.956300735473636,0.1361609995365142,g
58605.16405089991,19.093299865722656,0.0977210029959678,R
58608.19075229997,19.176347732543945,0.1139289364218711,g
58608.21730320016,19.15624046325684,0.1053678095340728,R
