time,mag,magerr,band
59529.38195599988,19.414039611816406,0.1106933876872062,g
59530.381458300166,19.007476806640625,0.0805037692189216,R
59531.379687500186,19.173419952392575,0.1184509024024009,g
59536.39317130018,18.700092315673828,0.1262965351343155,R
59536.40626160009,19.1525993347168,0.1539137512445449,g
59538.307731499895,18.724977493286133,0.1079730913043022,R
