time,mag,magerr,band
58269.35934029985,19.582300186157227,0.2136259973049163,R
58272.254236099776,19.075613021850582,0.0554747618734836,g
58278.274745400064,18.712934494018555,0.050132006406784,R
58278.339282399975,18.902029037475582,0.0464432388544082,g
58281.21499999985,18.53066062927246,0.0406652577221393,R
58284.25516200019,19.390674591064453,0.072475641965866,g
58287.27069440018,18.61345100402832,0.0425438843667507,R
58290.21494209999,19.6989860534668,0.1749772578477859,g
58314.21045139991,20.244388580322266,0.2069500684738159,R
