time,mag,magerr,band
58400.12245369982,18.957035064697266,0.0831944346427917,g
