time,mag,magerr,band
58850.48225690005,18.95680046081543,0.1124520003795623,R
58853.48938659998,19.600879669189453,0.1531184464693069,g
