time,mag,magerr,band
59710.36452550022,18.90641975402832,0.1579602211713791,R
59714.31221059989,18.218685150146484,0.0717832595109939,g
59714.34428239986,18.538780212402344,0.0872208252549171,R
59717.34076389996,18.265077590942383,0.0810066238045692,g
59719.407349499874,18.36611557006836,0.0879207327961921,R
59730.3661342999,19.288536071777344,0.0926310569047927,g
