time,mag,magerr,band
58541.26423610002,19.171199798583984,0.2400709986686706,g
58559.240324100014,18.76409912109375,0.0837370008230209,R
58559.30484949984,18.975500106811523,0.1136220023036003,g
58567.243553199805,18.94540023803711,0.0887660011649131,R
58572.20076389983,19.456300735473636,0.2187259942293167,g
58572.27951390017,19.111499786376957,0.1124180033802986,R
58581.221597199794,20.173460006713867,0.2157274186611175,g
