time,mag,magerr,band
58560.42011569999,19.662643432617188,0.1669958680868148,R
