time,mag,magerr,band
58634.3368981001,19.30120086669922,0.1403830051422119,R
58638.44302080013,19.181400299072266,0.1043699979782104,g
58638.46089120023,19.19109916687012,0.1279519945383072,R
58641.41965280008,19.171899795532227,0.106964997947216,g
58641.46008099988,19.03809928894043,0.1032209992408752,R
58644.42295139981,18.876100540161133,0.1034549996256828,g
58647.31376159983,18.653200149536133,0.1187530010938644,R
58650.48120369995,18.53919982910156,0.1386640071868896,g
58666.3411921002,19.688512802124023,0.1448171138763427,R
