time,mag,magerr,band
58438.47795139998,19.31559944152832,0.1055120006203651,g
58438.51383099984,19.300600051879883,0.0889950022101402,R
58439.44120369991,19.225099563598636,0.1011670008301734,g
58441.43371530017,18.932600021362305,0.0829000025987625,R
58441.476446799934,19.03280067443848,0.0736609995365142,g
58461.5113309999,19.023399353027344,0.1070009991526603,R
58464.47868059995,20.191200256347656,0.1475539952516555,g
58493.45490740007,20.17753791809082,0.1298159956932068,R
