time,mag,magerr,band
58814.17017359985,18.146299362182617,0.1368129998445511,R
58814.23106480017,18.260099411010746,0.0836480036377906,g
58820.12509260001,18.7096004486084,0.1355669945478439,R
58829.10637729988,19.233400344848636,0.2082429975271225,g
58833.084965299815,19.00099754333496,0.1146796569228172,R
