time,mag,magerr,band
58734.27879629983,19.81535148620605,0.2015324681997299,g
