time,mag,magerr,band
60245.16371530015,18.50429916381836,0.0887179970741272,R
60251.23543980019,19.21640014648437,0.2459920048713684,g
60260.10861109989,19.089599609375,0.0993349999189376,R
60262.16888889996,19.48056411743164,0.1379327923059463,g
