time,mag,magerr,band
59527.49415510008,19.82349967956543,0.2393320053815841,g
59530.474664399866,18.60409927368164,0.1359419971704483,R
59532.516018500086,17.976743698120117,0.0680529251694679,g
59538.46731479978,17.41119956970215,0.0546820014715194,R
59550.49090280011,17.85768699645996,0.1225209981203079,g
