time,mag,magerr,band
59934.24584490014,19.90410041809082,0.1472820043563842,R
59936.17327550007,19.523399353027344,0.1717949956655502,g
59942.20756939985,18.52330017089844,0.0612180009484291,R
59957.14261570014,18.94059944152832,0.1941059976816177,g
59969.123645800166,18.899581909179688,0.1029987782239914,R
