time,mag,magerr,band
60184.39998839982,18.50589942932129,0.1026000007987022,g
60186.3973842999,18.386499404907227,0.0852520018815994,R
60200.37876159977,20.146602630615234,0.1529581546783447,g
