time,mag,magerr,band
60105.21805559984,19.5732364654541,0.0977678373456001,g
