time,mag,magerr,band
59928.24837959977,18.29910087585449,0.0705180019140243,R
59934.22717589978,17.900699615478516,0.0551250018179416,g
59934.27576390002,17.79599952697754,0.0701479986310005,R
59936.18347219983,18.04319953918457,0.1050029993057251,g
59940.2450116002,18.016000747680664,0.0527170002460479,R
59953.11850690004,18.988500595092773,0.1200440004467964,g
59957.193437499925,18.617900848388672,0.110955998301506,R
59967.20872690016,19.651899337768555,0.2457920014858245,g
59980.17353009991,19.574142456054688,0.2032410651445388,R
