time,mag,magerr,band
60223.28425930021,19.86348342895508,0.1803254783153534,g
