time,mag,magerr,band
59497.47490740009,18.737403869628903,0.0906160995364189,R
59501.43854170013,20.234399795532227,0.2486419975757599,g
59517.42420140002,20.09554100036621,0.1855137795209884,R
