time,mag,magerr,band
59818.20589119988,18.508100509643555,0.0831340029835701,g
59818.21828699997,18.063867568969727,0.0759019553661346,R
