time,mag,magerr,band
59708.26563660009,19.194011688232425,0.1382978707551956,R
59712.23665509978,18.68217658996582,0.1094192638993263,g
59714.19484949997,18.48984909057617,0.0842042863368988,R
59717.181886599865,18.62074089050293,0.0800847187638282,g
59719.18241900019,18.682435989379883,0.0729064121842384,R
59738.186701400205,19.20857048034668,0.1717512756586074,g
59738.24486109987,18.726207733154297,0.1029790118336677,R
59740.2598611,19.23175048828125,0.1475087404251098,g
59742.24491900019,18.82705307006836,0.1440285891294479,R
