time,mag,magerr,band
59753.42806709977,18.725061416625977,0.0877254903316497,g
59756.38659719983,18.73352813720703,0.0840867832303047,R
59763.39908559993,18.81853485107422,0.0739250853657722,g
59763.42143520014,18.681865692138672,0.0627661198377609,R
59765.41128470004,19.02655029296875,0.0692168846726417,g
59765.44146989984,18.730918884277344,0.0601881816983222,R
59770.40513890004,19.4346866607666,0.0889360830187797,g
59779.45700229984,19.341827392578125,0.100803829729557,R
