time,mag,magerr,band
59270.400381899904,18.3427791595459,0.0699158757925033,g
