time,mag,magerr,band
59682.21417819988,19.28898429870605,0.2092851996421814,g
59685.23268519994,19.03286361694336,0.144387736916542,R
59690.29989580018,18.72722816467285,0.0718425959348678,g
59694.24753470021,18.905370712280277,0.0948440134525299,R
59696.1945369998,19.12383460998535,0.079933077096939,g
59696.25396989984,19.155881881713867,0.1313863545656204,R
59699.23569440004,19.391626358032227,0.1531555652618408,g
59699.28934030002,19.180694580078125,0.0903729870915412,R
59701.350613399874,19.52924156188965,0.1335804015398025,g
