time,mag,magerr,band
60137.377199099865,19.344200134277344,0.1566399931907653,g
60139.35555560002,18.620399475097656,0.0975970029830932,R
60141.33099539997,18.644899368286133,0.1200300008058548,g
60174.25187500008,19.415231704711918,0.1801792979240417,R
