time,mag,magerr,band
59936.49598379992,18.831209182739254,0.0950803905725479,R
