time,mag,magerr,band
59220.138136600144,20.70599937438965,0.2613849937915802,g
59224.115243100096,18.51241111755371,0.0589188672602176,R
59224.15275460016,18.29145050048828,0.0527695044875144,g
59226.11728010001,18.1865177154541,0.050359945744276,R
59228.16006939998,18.14205551147461,0.0552716441452503,g
59230.11679399992,18.28201484680176,0.0540054142475128,R
59232.12112270016,18.446725845336918,0.0469092354178428,g
59232.13900459977,18.439489364624023,0.0554676540195941,R
