time,mag,magerr,band
59934.39468749985,20.1059684753418,0.1793125122785568,R
