time,mag,magerr,band
60030.44923610008,18.639299392700195,0.0748360008001327,g
60031.33700230019,18.524999618530277,0.1836940050125122,R
60036.32831020001,18.483999252319336,0.0708540007472038,g
60042.321678199805,18.40530014038086,0.0758609995245933,R
60092.30672449991,19.84160041809082,0.2551069855690002,g
60099.35391200008,18.89299964904785,0.1879390031099319,R
60115.23611109983,20.250099182128903,0.2268339991569519,g
60117.20171299996,19.175724029541016,0.1221546530723571,R
