time,mag,magerr,band
59723.254756900016,19.587799072265625,0.2289620041847229,g
59723.29623840004,19.38652229309082,0.1717803180217743,R
59734.19175929995,18.950462341308597,0.139579564332962,g
59736.2273610998,18.785839080810547,0.1121745482087135,R
59738.21164349979,19.073474884033203,0.1248562857508659,g
59740.21271990007,18.859712600708008,0.1601223051548004,R
59748.25300930021,20.458499908447266,0.2687709927558899,g
59754.19241899997,19.577651977539062,0.1815712451934814,R
