time,mag,magerr,band
59361.42445599986,18.50395965576172,0.0820960775017738,R
59361.46194439987,19.180145263671875,0.1573405265808105,g
59365.42506940011,18.36379051208496,0.0704196318984031,R
59365.447233799845,19.424877166748047,0.1599569320678711,g
59367.41202550009,18.58540344238281,0.072770208120346,R
59369.412766200025,19.64506149291992,0.1501604914665222,g
59371.45295140008,18.766677856445312,0.0662768185138702,R
59374.41258100001,20.01069641113281,0.153927132487297,g
59396.40327550005,20.191261291503903,0.2117157727479934,R
