time,mag,magerr,band
59004.22133099986,19.74180030822754,0.3418419957160949,g
59015.31756940018,19.26607322692871,0.0892472565174102,R
