time,mag,magerr,band
58900.27118059993,19.606613159179688,0.2005463242530822,R
