time,mag,magerr,band
59770.27896990022,18.153545379638672,0.073226124048233,g
