time,mag,magerr,band
59768.31373840012,19.44599914550781,0.166716992855072,g
59775.31405089982,19.03660011291504,0.1431290060281753,R
59789.18962959992,19.94500160217285,0.1848004907369613,g
