time,mag,magerr,band
59856.2515741,17.632299423217773,0.0498239994049072,g
59858.2939352002,17.723499298095703,0.0547869987785816,R
59863.335463,18.11750030517578,0.0814400017261505,g
59867.32202549977,18.25230026245117,0.117135003209114,R
59883.22376159998,19.62969970703125,0.1608069986104965,g
59894.25303239981,19.035200119018555,0.2850080132484436,R
59897.14962959988,20.265399932861328,0.2814309895038605,g
59902.190243099816,19.561391830444336,0.1874135285615921,R
