time,mag,magerr,band
60144.418599499855,20.992599487304688,0.298004001379013,g
60161.37277780008,18.48900032043457,0.0686689987778663,R
60165.37687500008,18.8523006439209,0.0856259986758232,g
60169.33009260008,18.747499465942383,0.065310999751091,R
60181.35340279993,19.971099853515625,0.1312510073184967,g
60183.37682869984,19.316200256347656,0.0930930003523826,R
60183.40141199995,20.087799072265625,0.166034996509552,g
60209.27307870006,20.292421340942383,0.1802863627672195,R
