time,mag,magerr,band
59479.1515740999,19.31911277770996,0.200594887137413,g
