time,mag,magerr,band
60146.37702549994,18.580965042114254,0.085706427693367,R
