time,mag,magerr,band
59144.411631899886,18.81854820251465,0.0782776325941085,R
