time,mag,magerr,band
59957.45283559989,18.32889938354492,0.0658420026302337,g
59965.3910069,18.23870086669922,0.0885450020432472,R
59965.410416699946,18.41080093383789,0.0718879997730255,g
59968.38708329992,18.424999237060547,0.076114997267723,R
59970.38641199982,18.70639991760254,0.1098600029945373,g
59972.383807899896,18.586000442504883,0.074251003563404,R
59972.45348379994,18.91923713684082,0.1105399131774902,g
