time,mag,magerr,band
59525.49967590021,19.12240219116211,0.1300070732831955,g
59526.55314810015,18.906715393066406,0.11676537245512,R
59527.50028940011,18.763652801513672,0.099116213619709,g
59530.47750000004,18.623699188232425,0.1582749933004379,R
59532.52172450023,18.35385513305664,0.0750045403838157,g
59538.483425899874,18.35300064086914,0.0784239992499351,R
59550.482800900005,19.28102684020996,0.1200674772262573,g
59550.50524310023,19.138486862182617,0.1140294298529625,R
