time,mag,magerr,band
59856.28285880014,18.65519905090332,0.0953940004110336,g
59858.31635419978,18.67110061645508,0.0918850004673004,R
59858.38989580004,18.85029983520508,0.1352940052747726,g
59862.29453699989,18.89640045166016,0.1681839972734451,R
59871.230798599776,19.79290008544922,0.1783369928598404,g
59871.29049770022,19.22769927978516,0.1208650022745132,R
59880.23298610002,20.3971004486084,0.1992350071668625,g
59885.23224540008,19.61119079589844,0.1812723278999328,R
