time,mag,magerr,band
58890.30130789988,19.05340003967285,0.1738740056753158,g
58894.26723380014,18.78779983520508,0.0704360008239746,R
58903.27847220004,18.98259925842285,0.074593000113964,g
58912.21848380007,19.23419952392578,0.1208959966897964,R
58936.25868060021,20.19129943847656,0.1642529964447021,g
58939.18854170013,19.549659729003903,0.1163996309041976,R
