time,mag,magerr,band
59338.38717589993,19.28006935119629,0.1120571568608284,R
59338.432164399885,19.665515899658203,0.1445971131324768,g
59340.3277083002,18.954307556152344,0.0969346463680267,R
59342.34972220007,19.305492401123047,0.104135975241661,g
59345.33015049994,18.62862777709961,0.0689480677247047,R
59349.24422449991,19.100496292114254,0.0965438932180404,g
59354.279722199775,18.68509864807129,0.1079379171133041,R
59354.36678239983,19.46940040588379,0.2394250035285949,g
59379.36921299994,19.794675827026367,0.1714571565389633,R
