time,mag,magerr,band
59195.24178239983,19.224300384521484,0.1293119937181472,g
59199.21723379986,17.689716339111328,0.0449187494814395,R
59202.2270717998,18.28095054626465,0.0771078243851661,g
59204.17019680003,17.448400497436523,0.0499829985201358,R
59210.21234950004,18.42852020263672,0.112675204873085,g
60238.38603009982,19.60099029541016,0.1665407121181488,R
