time,mag,magerr,band
60166.25754630007,19.9724235534668,0.1993825882673263,R
