time,mag,magerr,band
59887.37530090008,19.391700744628903,0.1763679981231689,g
59905.357430600096,18.15439987182617,0.055307999253273,R
59905.3806713,19.344200134277344,0.1310050040483474,g
59910.35921300016,18.33018493652344,0.0742957293987274,R
