time,mag,magerr,band
59520.23056709999,18.497533798217773,0.0756232440471649,R
59520.27356480016,18.4171199798584,0.0877171382308006,g
59522.189953700174,18.27973937988281,0.0632229298353195,R
59524.147963,17.966552734375,0.0630850866436958,g
59524.21031250013,18.13370704650879,0.0555564239621162,R
59530.12648149999,17.859296798706055,0.0850755646824836,g
59530.22773149982,18.07261085510254,0.0645843297243118,R
59538.1714583002,18.425949096679688,0.0888271331787109,g
59540.16802080022,18.475147247314453,0.1251943409442901,R
