time,mag,magerr,band
60235.4248147998,20.133134841918945,0.2004757523536682,R
