time,mag,magerr,band
59899.14770830004,19.391599655151367,0.1429650038480758,g
59906.14804399992,19.00480079650879,0.1033250018954277,R
59906.17002309999,18.917299270629883,0.0991329997777938,g
59909.1266319002,18.922800064086918,0.1043779999017715,R
59922.15371529991,19.6914005279541,0.2339980006217956,g
59932.173171299975,19.816272735595703,0.1713770776987075,R
