time,mag,magerr,band
59846.36576389987,19.18099975585937,0.0841709971427917,g
59848.34221060015,19.13999938964844,0.0779090002179145,R
59871.24322920013,20.88640022277832,0.3061400055885315,g
59881.27931710007,20.575868606567383,0.2149615138769149,R
