time,mag,magerr,band
59972.5382869998,20.20240020751953,0.1839769929647445,g
59983.55290509993,17.253599166870117,0.0523979999125003,R
59985.45262729982,17.05470085144043,0.0428690016269683,g
59994.47167820018,17.16950035095215,0.0352069996297359,R
60016.44765050011,18.96389961242676,0.0966830030083656,g
60016.46731479978,18.04459953308105,0.0577509999275207,R
60021.34718749998,19.293399810791016,0.2103369981050491,g
60055.39112270018,19.560400009155277,0.1338189989328384,R
60055.44195599994,20.2293758392334,0.1763263642787933,g
