time,mag,magerr,band
59523.48325229995,19.17330551147461,0.1099395230412483,R
59523.52424769988,19.383441925048828,0.1014263853430748,g
59525.44450230012,18.277925491333008,0.0633070170879364,R
59530.4202430998,17.271400451660156,0.0605899989604949,g
59532.44082179992,17.11418914794922,0.0401889830827713,R
59538.39976850012,17.099498748779297,0.0485459119081497,g
59550.37759259995,17.517343521118164,0.0522937625646591,R
59550.4399652998,18.623512268066406,0.076866365969181,g
