time,mag,magerr,band
59853.521006899886,18.82309913635254,0.0837289988994598,R
59858.47334490018,19.28730010986328,0.1384519934654235,g
59863.48381939996,18.64119911193848,0.0865629985928535,R
59866.46418979997,19.805099487304688,0.2406270056962967,g
59866.48653940018,18.76959991455078,0.0862839967012405,R
59869.468854200095,20.104400634765625,0.3234449923038482,g
59879.52249999996,19.13381576538086,0.0922514200210571,R
