time,mag,magerr,band
60201.43741900008,18.97559928894043,0.0810969993472099,R
60201.4827083,20.26440048217773,0.1986030042171478,g
60214.48120369995,19.187450408935547,0.1028794348239898,R
