time,mag,magerr,band
60213.37651620014,18.767200469970703,0.1370099931955337,g
60217.3345718002,18.36949920654297,0.1433060020208358,R
60237.25170140015,18.96027946472168,0.1090345084667205,g
