time,mag,magerr,band
60105.22135420004,18.37481117248535,0.058215033262968,g
