time,mag,magerr,band
59484.33523150021,19.389789581298828,0.1618072837591171,R
59503.33615740016,19.43280029296875,0.2666839957237243,g
59518.31618059985,19.87082862854004,0.1372505128383636,R
59518.33967590006,20.707399368286133,0.2516860067844391,g
59525.29768519988,20.138227462768555,0.1602371037006378,R
