time,mag,magerr,band
59110.32473379979,19.742263793945312,0.1723383367061615,g
