time,mag,magerr,band
60051.31896989979,18.45159912109375,0.0641539990901947,g
60053.28157409979,17.952299118041992,0.0681390017271041,R
60061.35766200023,18.406400680541992,0.0630780011415481,g
60063.23196760006,17.85140037536621,0.0747430026531219,R
60073.25503470004,19.971799850463867,0.1645479947328567,g
60081.24766199989,19.33340072631836,0.1392199993133545,R
60083.19719910016,20.603742599487305,0.2074610292911529,g
