time,mag,magerr,band
59530.23061340023,19.095552444458008,0.1333637088537216,R
