time,mag,magerr,band
60112.25554399984,19.54694557189941,0.1472242921590805,R
