time,mag,magerr,band
59505.35755789978,18.88661766052246,0.1378348171710968,R
59512.377719900105,20.06290054321289,0.2548199892044067,g
59525.280451400205,19.742603302001957,0.1048487350344657,R
