time,mag,magerr,band
59066.22645829991,18.90482521057129,0.1099158823490142,R
