time,mag,magerr,band
60238.263136600144,20.055673599243164,0.1742419451475143,g
