time,mag,magerr,band
59797.24359950004,19.51300048828125,0.1507039964199066,g
59805.20619209996,18.869400024414062,0.1050330027937889,R
59807.197754600085,18.70800018310547,0.0880900025367736,g
59807.28226849996,18.762399673461918,0.1022360026836395,R
59812.23980320012,18.93939971923828,0.1253059953451156,g
59814.23783560004,19.11257553100586,0.1131357252597808,R
