time,mag,magerr,band
59517.25450230017,20.45545959472656,0.2034579068422317,g
59520.26827549981,19.22772216796875,0.0889987200498581,R
59522.26605319977,19.763771057128903,0.1220542788505554,g
59524.243437500205,18.853330612182617,0.0654109194874763,R
59529.26429399988,19.464847564697266,0.117537997663021,g
59550.15741899982,19.300764083862305,0.0709125846624374,R
