time,mag,magerr,band
60232.18107639998,17.672399520874023,0.0653629973530769,R
60232.24876159988,18.59339904785156,0.069530002772808,g
60257.1876968001,18.50786018371582,0.0852604880928993,R
