time,mag,magerr,band
60182.37828700012,19.074199676513672,0.1122540012001991,g
60184.38883099984,18.047100067138672,0.0764549970626831,R
60184.416215300094,18.598499298095703,0.0940219983458519,g
60186.35612270003,17.813499450683594,0.054271999746561,R
60212.3992130002,19.62380027770996,0.1906950026750564,g
60221.27974539995,18.61687660217285,0.092027798295021,R
