time,mag,magerr,band
60215.169803199824,18.838600158691406,0.115116998553276,g
60217.14975690004,18.589799880981445,0.0906850025057792,R
60221.14781250013,18.79439926147461,0.1064919978380203,g
60226.226435199846,18.81290054321289,0.076833002269268,R
60231.20192130003,19.6205997467041,0.1801429986953735,g
60233.1519559999,19.173200607299805,0.1289999932050705,R
60233.19621529989,20.046600341796875,0.2899360060691833,g
60235.12921300018,19.18155860900879,0.103695698082447,R
