time,mag,magerr,band
59488.16868059989,20.130800247192383,0.2332489937543869,R
59498.12759259995,18.56602478027344,0.0839208215475082,g
59504.12688660016,18.431583404541016,0.1039606183767318,R
59521.11281249998,19.69844627380371,0.1993609219789505,g
59523.086631900165,19.08487892150879,0.1179803982377052,R
59525.10885420023,20.04750061035156,0.2244440019130706,g
59531.106527800206,19.24030494689941,0.161860853433609,R
