time,mag,magerr,band
59928.17387730023,19.12800025939941,0.115955002605915,R
59932.14398150006,18.293699264526367,0.063628003001213,g
59932.2137616002,18.11090087890625,0.0631700009107589,R
59934.19606480002,18.000099182128906,0.0608059987425804,g
59934.235682900064,17.74169921875,0.0535620003938674,R
59936.1244907002,17.73699951171875,0.0435610003769397,g
59936.20864580013,17.562299728393555,0.0537780001759529,R
59951.1940394002,18.519500732421875,0.1172939985990524,g
59966.133483800106,18.66796493530273,0.1779265999794006,R
