time,mag,magerr,band
60077.2293866002,18.09630012512207,0.0728050023317337,R
60080.23373840004,18.55780029296875,0.0790010020136833,g
60082.207916699816,18.489999771118164,0.0735640004277229,R
60082.23428239999,18.5841007232666,0.1022249981760978,g
60084.21094910009,18.67329978942871,0.0998020023107528,R
60086.30856479984,19.01309967041016,0.1288280040025711,g
60097.23434029985,19.125661849975582,0.1687624305486679,R
