time,mag,magerr,band
60045.180659700185,19.20800018310547,0.0881209969520568,g
60050.20281249983,18.53660011291504,0.0662980005145073,R
60054.183252300136,18.19879913330078,0.064021997153759,g
60056.18104169984,18.27300071716309,0.054637998342514,R
60058.18406250002,18.21299934387207,0.0695139989256858,g
60058.1969444002,18.23780059814453,0.0592000000178813,R
60065.182430599816,18.54560089111328,0.0885709971189498,g
60073.17701390013,19.031105041503903,0.1142312586307525,R
