time,mag,magerr,band
60088.30069439998,19.451099395751957,0.0813430026173591,g
60090.19284720021,19.274200439453125,0.1443970054388046,R
60090.28313660016,19.65900039672852,0.1415912061929702,g
