time,mag,magerr,band
59849.307685200125,19.91270065307617,0.1322859972715377,R
59854.26771989977,19.49810028076172,0.1300169974565506,g
59854.278553199954,19.0802001953125,0.0716079995036125,R
59869.14618059993,19.744400024414062,0.1514869928359985,g
59871.17069440009,19.158700942993164,0.0830930024385452,R
59871.22738429997,19.76609992980957,0.1890980005264282,g
59873.18359949999,19.25790023803711,0.1132370010018348,R
59878.1931713,20.55039978027344,0.2955420017242431,g
59885.16989579983,19.58454132080078,0.1709061115980148,R
