time,mag,magerr,band
59517.42230319977,18.37983512878418,0.0676494911313057,R
59521.33648149995,18.355867385864254,0.0868580788373947,g
59523.29009260005,18.19228744506836,0.0796954482793808,R
59527.31839120016,18.84236717224121,0.0807046517729759,g
59530.37716440018,18.507274627685547,0.1062931045889854,R
59532.299872700125,19.45330047607422,0.219757005572319,g
59540.33589120023,19.18902587890625,0.2002579718828201,R
