time,mag,magerr,band
60184.40046299994,17.5216007232666,0.061889000236988,g
60186.35517359991,17.637800216674805,0.050475999712944,R
60196.38393520005,18.66189956665039,0.0734580010175705,g
60214.27293979982,18.933576583862305,0.1148204803466796,R
