time,mag,magerr,band
60236.46812500013,19.15220069885254,0.1525810062885284,R
60239.49962959997,18.98259925842285,0.1317420005798339,g
60244.47805560008,18.927400588989254,0.1437249928712844,R
60244.50533560012,18.923599243164062,0.1259180009365081,g
60248.48204859998,19.16119956970215,0.2768400013446808,R
60248.50689810002,19.1028995513916,0.2744739949703216,g
60251.478634300176,19.414499282836918,0.2692939937114715,R
60251.50493060006,19.45560073852539,0.2265380024909973,g
60261.438796299975,19.924835205078125,0.2024247199296951,R
