time,mag,magerr,band
59822.40103009995,18.564599990844727,0.0760879963636398,g
59822.474131899886,18.44580078125,0.0780040025711059,R
59828.4620254999,18.99081039428711,0.1251130700111389,g
