time,mag,magerr,band
59806.41811340023,19.84869956970215,0.2941110134124756,R
59806.46002310002,19.635099411010746,0.2836230099201202,g
59808.42059030011,19.49740028381348,0.1900629997253418,R
59841.42739580013,20.450912475585938,0.2039676457643509,g
