time,mag,magerr,band
58894.52751159994,18.94659996032715,0.1044420003890991,R
58894.56156249996,19.39310073852539,0.1601559966802597,g
58904.5228587999,18.781099319458008,0.1384260058403015,R
58904.54976850003,19.812400817871094,0.203354999423027,g
58911.51778940018,19.1338005065918,0.1270129978656768,R
58911.539745400194,20.492000579833984,0.2678680121898651,g
58965.33431709977,20.39938735961914,0.2082408219575882,R
