time,mag,magerr,band
59749.22250000015,19.64749336242676,0.1371989250183105,R
59769.24317129981,19.6348876953125,0.1790483742952346,g
