time,mag,magerr,band
60099.22750000004,17.71619987487793,0.0586580000817775,g
60099.35945599992,17.938800811767578,0.0762479975819587,R
60134.239490699954,20.16118049621582,0.1765770316123962,g
