time,mag,magerr,band
60204.31943289982,18.834800720214844,0.0804459974169731,g
60206.29109949991,18.85099983215332,0.0717860013246536,R
60206.2943171002,18.74530029296875,0.0597979985177516,g
60209.25234950008,18.808500289916992,0.1095800027251243,R
60212.30052080005,18.89590072631836,0.1102430000901222,g
60212.35645829979,18.848344802856445,0.0851104706525802,R
