time,mag,magerr,band
60088.22229170008,19.885400772094727,0.1536799967288971,R
60088.28572920011,19.71389961242676,0.1501179933547973,g
60090.178379599936,19.20770072937012,0.1474770009517669,R
60099.18635419989,18.11050033569336,0.1102029979228973,g
60101.34173610015,18.17329978942871,0.0751689970493316,R
60105.21805559984,18.12430000305176,0.0576260015368461,g
60105.25930560008,18.233299255371094,0.0565019994974136,R
60109.2236227002,18.384300231933597,0.0839859992265701,g
60124.20133099984,18.948993682861328,0.1151458397507667,R
