time,mag,magerr,band
60242.32115740003,18.192699432373047,0.0818779990077018,g
60245.24854170019,18.40060043334961,0.1482169926166534,R
60245.30232639983,18.10120010375977,0.0977199971675872,g
60247.13763889996,18.161500930786133,0.1796910017728805,R
60262.20995370019,19.018701553344727,0.0830663591623306,g
