time,mag,magerr,band
59405.44197920011,18.81545829772949,0.0923579037189483,g
59407.42026619986,18.881065368652344,0.0987715497612953,R
59411.39859949984,18.69606590270996,0.0937791168689727,g
59411.44157409994,18.794145584106445,0.0964037403464317,R
59414.41856480017,18.857267379760746,0.1031374484300613,g
59414.44077550015,18.825971603393555,0.0913641676306724,R
59428.4223495,19.971649169921875,0.1889067888259887,g
