time,mag,magerr,band
59755.27813659981,18.91834259033203,0.0856974646449089,g
59755.31853009993,18.897729873657227,0.0758614093065261,R
59759.28265050007,18.85003662109375,0.0832265391945838,g
59759.327175899874,18.70075798034668,0.0613180696964263,R
59761.28300930001,18.952451705932617,0.0897941663861274,g
59763.31802080013,18.75900650024414,0.0746354386210441,R
59770.32398150023,20.005699157714844,0.3224940001964569,g
59779.32759260014,19.77795791625977,0.1469099223613739,R
