time,mag,magerr,band
59883.14942129981,19.27600860595703,0.1374361366033554,g
