time,mag,magerr,band
59012.23599540023,18.06110000610352,0.0548099987208843,R
59016.20259260014,18.472000122070312,0.0662579983472824,g
59028.216874999925,18.8311710357666,0.0916955918073654,R
