time,mag,magerr,band
60224.201527799945,20.262800216674805,0.2296279966831207,g
60227.182430599816,19.198400497436523,0.1139770001173019,R
60232.13864579983,18.395099639892575,0.0849559977650642,g
60234.13803240005,18.241500854492188,0.0588320009410381,R
60234.17880789982,18.24169921875,0.0624569989740848,g
60250.11570600001,18.593900680541992,0.0768639966845512,R
60253.12002310017,19.567800521850582,0.1724590063095092,g
60253.135555599816,18.793397903442383,0.0760137140750885,R
