time,mag,magerr,band
59512.15459490009,18.581186294555664,0.0676613897085189,R
59512.18934029993,18.80735969543457,0.0938842371106147,g
59520.234826399945,18.1344051361084,0.0534883439540863,R
59520.289513899945,18.500640869140625,0.0767564252018928,g
59522.19565969985,18.18459892272949,0.0543415807187557,R
59524.15268519986,18.77136611938477,0.0738964155316352,g
59526.149131900165,18.5432243347168,0.0697027519345283,R
59529.26097219996,19.20634078979492,0.1164903193712234,g
59543.12997689983,19.05357551574707,0.1507144123315811,R
