time,mag,magerr,band
59969.166493100114,19.62240028381348,0.1515199989080429,R
59980.14930560021,18.117000579833984,0.0587619990110397,g
59980.1768633998,18.21150016784668,0.0529929995536804,R
59982.16224539978,18.18370056152344,0.0893659964203834,g
59984.15616900008,18.14609909057617,0.0755140036344528,R
59991.14618059993,18.478099822998047,0.0658890008926391,g
59994.16190969991,18.53619956970215,0.0800630003213882,R
59994.20133099984,18.61470031738281,0.0849239975214004,g
60013.196053199936,19.04423713684082,0.1794144660234451,R
