time,mag,magerr,band
59488.15944440011,19.912500381469727,0.2587240040302276,R
59488.22626159992,19.862499237060547,0.23225699365139,g
59490.13920139987,19.292219161987305,0.1112362891435623,R
59502.134409700055,18.32055282592773,0.1129571497440338,g
59504.13314810023,18.50153541564941,0.0841391161084175,R
59504.17835649988,18.498851776123047,0.121344082057476,g
59512.13458329998,18.884828567504883,0.0785716474056243,R
