time,mag,magerr,band
59977.46908560023,18.36680030822754,0.1229389980435371,R
59993.46537039988,19.64383888244629,0.1691553294658661,g
