time,mag,magerr,band
59134.19587960001,19.171443939208984,0.1034780740737915,R
59134.23408559989,18.971200942993164,0.0766521766781807,g
59136.1936805998,19.33760070800781,0.0929379984736442,R
59138.21234950004,19.600372314453125,0.1242388859391212,g
59138.28468749998,19.50613784790039,0.1660129427909851,R
59144.186122700106,20.15719985961914,0.3141320049762726,g
59151.21831020014,19.754484176635746,0.2121806442737579,R
