time,mag,magerr,band
60251.4781366,18.772300720214844,0.2040130048990249,R
60253.46471060021,19.41790008544922,0.2710880041122436,g
60253.50128469989,18.755199432373047,0.1078270003199577,R
60257.494606500026,19.28840065002441,0.3005070090293884,g
60259.47728009988,18.82309913635254,0.1384260058403015,R
60261.47763889981,19.480199813842773,0.2170320004224777,g
60288.4343634001,18.805700302124023,0.1024750024080276,R
60290.48120369995,19.7089958190918,0.1494314223527908,g
