time,mag,magerr,band
59751.34703700012,18.65481758117676,0.1029525324702262,g
59764.307430599816,19.162857055664062,0.0965937227010726,R
59766.328796300106,20.2324161529541,0.1557384431362152,g
