time,mag,magerr,band
59476.27969910018,19.00348663330078,0.1333858221769333,g
59476.34896990005,19.13202476501465,0.1354330629110336,R
59488.26677080011,20.13095474243164,0.1952244490385055,g
