time,mag,magerr,band
59233.11164350016,19.976560592651367,0.1888545900583267,R
