time,mag,magerr,band
60168.445486099925,20.371143341064453,0.1596528440713882,R
