time,mag,magerr,band
59266.38418979989,17.22675323486328,0.0378875657916069,R
59268.4827083,17.13439178466797,0.03721284866333,g
59270.36914349999,17.177520751953125,0.0447853468358516,R
59272.42612269986,17.352134704589844,0.0698798671364784,g
59274.40055559995,17.501041412353516,0.0652490630745887,R
59274.44593749987,17.432653427124023,0.0484185554087162,g
