time,mag,magerr,band
59993.428588000126,18.994237899780277,0.1453397274017334,g
