time,mag,magerr,band
59497.29903940018,18.925806045532227,0.09927499294281,R
59502.25033560023,18.3764762878418,0.1183799132704734,g
59509.23762729997,18.2410888671875,0.0704075768589973,R
59521.20656249998,18.71453285217285,0.1116284728050232,g
59523.14412039984,18.77502822875977,0.0825078338384628,R
59524.148912,19.08582878112793,0.0889842882752418,g
59526.14724540012,19.017093658447266,0.0936186909675598,R
59530.12695599999,19.632699966430664,0.2281440049409866,g
59530.227256900165,19.04067039489746,0.1035232543945312,R
