time,mag,magerr,band
59067.28267360013,19.09560775756836,0.1119961068034172,R
59067.3177546002,18.70223045349121,0.111376516520977,g
59070.30569439987,18.888669967651367,0.0889336988329887,R
59099.17996530002,19.87540054321289,0.1428260058164596,g
59142.13800929999,19.86969757080078,0.1700139194726944,R
