time,mag,magerr,band
59897.49148150021,18.411800384521484,0.1363350003957748,g
59903.49035880016,18.364200592041016,0.1016649976372718,R
59903.51535880007,18.542999267578125,0.1150960028171539,g
59923.49768520007,19.05817222595215,0.1335711032152176,R
