time,mag,magerr,band
59509.43027780019,17.948322296142578,0.0807709768414497,g
59522.47629630007,18.59377098083496,0.0709373131394386,R
59524.522338000126,19.14534568786621,0.0894113481044769,g
59526.50174769992,18.62718772888184,0.0666113868355751,R
59529.505092599895,19.721281051635746,0.1664588004350662,g
59532.43988429988,18.800912857055664,0.0901838988065719,R
59532.48480319977,20.19139289855957,0.2083618491888046,g
