time,mag,magerr,band
60259.297847200185,18.44300079345703,0.080884002149105,R
60284.12033559987,20.44700050354004,0.2279050052165985,g
60290.137303200085,19.66441535949707,0.1337991058826446,R
