time,mag,magerr,band
59109.30700229993,20.33340072631836,0.2829760015010834,g
59112.201828700025,19.330699920654297,0.1193450018763542,R
59112.30646990007,19.367605209350582,0.0849077999591827,g
59113.2905323999,19.053699493408203,0.0988650023937225,R
59115.238865700085,18.839998245239254,0.0786669924855232,g
59115.28300930001,18.841859817504883,0.0659408792853355,R
59117.23650459992,18.715206146240234,0.0948994159698486,g
59118.229606499895,18.68370056152344,0.112185001373291,R
59125.21444439981,18.693464279174805,0.1309238225221634,g
