time,mag,magerr,band
59757.43318289984,18.87678337097168,0.0989094004034996,g
59764.39002310019,18.16907501220703,0.0516023747622966,R
59771.40793980006,19.93600082397461,0.25798100233078,g
59816.38075229991,19.9650936126709,0.2125111818313598,R
