time,mag,magerr,band
59274.527557900175,16.958696365356445,0.0432021990418434,R
