time,mag,magerr,band
59410.437372699846,19.278499603271484,0.1246294677257537,R
59414.424351899885,18.916406631469727,0.0869748368859291,g
59418.40258099977,18.609235763549805,0.134760245680809,R
59418.4432639,18.61001968383789,0.1496867090463638,g
59428.40287039988,18.734529495239254,0.0704490318894386,R
59428.429004599806,18.95354461669922,0.1070346385240554,g
59430.3942477,18.761117935180664,0.0796141549944877,R
59435.4189352002,19.583984375,0.1376354098320007,g
59453.33844910003,19.567626953125,0.1446911692619323,R
