time,mag,magerr,band
58954.39469909994,19.66010093688965,0.141087993979454,g
58954.46543980017,18.89539909362793,0.0902279987931251,R
58955.41069439985,19.870899200439453,0.1564040035009384,g
58962.32611110015,19.176477432250977,0.1237968876957893,R
58964.36712960014,20.80190086364746,0.2797529995441437,g
58964.41329859989,19.358966827392575,0.0901241078972816,R
