time,mag,magerr,band
59904.17784720007,17.946500778198242,0.080376997590065,g
59904.21614579996,18.009899139404297,0.0627069994807243,R
59906.212523099966,17.684099197387695,0.0602440014481544,g
59909.21520829992,17.455400466918945,0.0448339991271495,R
59909.28206019988,17.446699142456055,0.0548009984195232,g
59923.19534720015,18.029600143432617,0.0643640011548996,R
59923.218634299934,18.42930030822754,0.0912699997425079,g
59936.21814810019,18.966123580932617,0.1497629433870315,R
