time,mag,magerr,band
58891.272129599936,18.72330093383789,0.1129029989242553,R
58892.33549770014,18.87299919128418,0.164122998714447,g
58894.23850690015,18.42140007019043,0.0972099974751472,R
58899.20928240009,18.7677001953125,0.0838479995727539,g
58899.25075230002,18.40239906311035,0.083076000213623,R
58905.16684029997,18.69569969177246,0.1996030062437057,g
58905.22704860009,18.34908676147461,0.0837243199348449,R
58905.25332179992,18.735294342041016,0.1643527001142501,g
60291.50212959992,19.656932830810547,0.1993893235921859,R
