time,mag,magerr,band
59439.38929399988,19.388622283935547,0.1230832710862159,R
59442.32695600018,19.179113388061523,0.1108055934309959,g
59446.39385419991,18.986984252929688,0.121408462524414,R
59449.23927079979,18.95261573791504,0.1996599435806274,g
59449.370231499895,18.947961807250977,0.1552428603172302,R
59452.34628470009,19.28616714477539,0.1394185274839401,g
59454.34346059989,19.2234001159668,0.0951550006866455,R
59454.39006939996,19.543376922607425,0.129262700676918,g
59474.28793979995,19.988983154296875,0.1865691542625427,R
