time,mag,magerr,band
59195.21418979997,19.236629486083984,0.1053051277995109,R
59199.20343750017,19.57777214050293,0.1287966221570968,g
59232.1453009001,19.750144958496094,0.1158110126852989,R
