time,mag,magerr,band
59930.50856480002,17.275699615478516,0.049430001527071,R
59933.42482639989,17.690399169921875,0.0705249980092048,g
59951.42814810015,18.300899505615234,0.1089090034365654,R
59957.45596060017,19.556299209594727,0.2215649932622909,g
59957.46415509982,18.919099807739254,0.1291529983282089,R
59965.41422449984,20.25510025024414,0.2173759937286377,g
59965.4243402998,19.441699981689453,0.142656996846199,R
59971.37797449995,20.04187774658203,0.1621292531490326,g
