time,mag,magerr,band
59768.27414349979,19.04427146911621,0.128724068403244,g
59776.33153939992,18.31329917907715,0.0700099989771843,R
59783.29144679988,19.32990074157715,0.1329140067100525,g
59801.19762729993,19.16204643249512,0.1355388462543487,R
