time,mag,magerr,band
59503.33423609985,18.650915145874023,0.1381724029779434,g
59521.35666669998,19.13411521911621,0.1201142072677612,R
