time,mag,magerr,band
60236.2795833,18.863990783691406,0.0850296169519424,g
