time,mag,magerr,band
60255.16133099981,18.52020072937012,0.07880300283432,R
60255.206168999895,18.43600082397461,0.0782169997692108,g
60258.12152779987,18.07029914855957,0.0715050026774406,R
60258.13226850005,18.066699981689453,0.0716330036520958,g
60260.10861109989,18.06609916687012,0.0616960003972053,R
60268.11420139996,18.14080047607422,0.0643789991736412,g
60285.12972219987,18.94215965270996,0.1141853630542755,R
