time,mag,magerr,band
60086.28020829987,20.097900390625,0.1571000069379806,g
