time,mag,magerr,band
59756.20362270018,19.23725891113281,0.1061967015266418,R
59758.22084489977,18.85196304321289,0.1048545613884925,g
59761.20129630016,18.571672439575195,0.0724966078996658,R
59763.22452550009,18.429845809936523,0.0761740356683731,g
59765.21906250017,18.389907836914062,0.0743535682559013,R
59770.27846059995,18.74382209777832,0.152152419090271,g
59779.214282399975,18.957847595214844,0.1061963811516761,R
