time,mag,magerr,band
59454.3988541998,19.07974624633789,0.1462416499853134,g
59458.38138889987,18.84359359741211,0.1219188719987869,R
59461.44056709996,19.149564743041992,0.1142015382647514,g
59466.37900459999,19.319515228271484,0.1330754607915878,R
59466.41958330013,20.23430061340332,0.2718839943408966,g
59468.37885419978,19.744483947753903,0.154578611254692,R
59468.451898099855,20.465999603271484,0.2843739986419678,g
59470.41760420008,19.79858016967773,0.1378929167985916,R
