time,mag,magerr,band
58898.51763889985,18.991100311279297,0.1034440025687217,R
58903.525034700055,18.94650077819824,0.1214170008897781,g
58906.51928240014,18.29850006103516,0.1318220049142837,R
58906.52333329991,18.79450035095215,0.1420670002698898,g
58911.52008099994,18.1210994720459,0.0866829976439476,R
58914.48283560015,19.23970031738281,0.1629199981689453,g
58936.4412153,19.57511711120605,0.1676890254020691,R
