time,mag,magerr,band
59717.21038189996,19.065452575683597,0.1121436133980751,R
59717.27996530011,19.17840385437012,0.1475910395383834,g
59719.23650459992,18.980424880981445,0.1048440486192703,R
59724.20839119982,19.47562026977539,0.1177493333816528,g
59726.18101850012,19.14931869506836,0.0952924713492393,R
59726.228761599865,19.852251052856445,0.1270451545715332,g
59733.211412,19.57640266418457,0.122741661965847,R
