time,mag,magerr,band
59849.27369209984,18.58799934387207,0.0818089991807937,g
59849.31799770007,18.62820053100586,0.0681269988417625,R
59856.2692477,18.95978164672852,0.1199829950928688,g
