time,mag,magerr,band
60256.54413190018,18.327129364013672,0.1029352992773056,R
