time,mag,magerr,band
60182.39759259997,18.924257278442383,0.1135340631008148,g
