time,mag,magerr,band
60084.181759300176,19.17770004272461,0.0982559993863105,g
60086.17924770014,19.28199958801269,0.1277049928903579,R
60092.368553199805,19.973485946655277,0.1522404551506042,g
