time,mag,magerr,band
60042.2802893999,17.920400619506836,0.1232279986143112,g
60042.30398150021,17.9596004486084,0.0633269995450973,R
60076.28700229991,20.28902244567871,0.1834447085857391,g
