time,mag,magerr,band
59898.44190970017,18.57169914245605,0.1100020036101341,g
59898.47134259995,18.608999252319336,0.1168830022215843,R
59902.46152780019,18.72769927978516,0.1492619961500167,g
59903.48156249989,18.34199905395508,0.1021900027990341,R
59903.52054399997,18.51959991455078,0.0866419970989227,g
59909.4192476999,18.37969970703125,0.0704130008816719,R
59910.49729169998,18.667600631713867,0.0951820015907287,g
59930.42755790008,18.659616470336918,0.0889809876680374,R
