time,mag,magerr,band
59972.14078699984,19.42060089111328,0.1188009977340698,g
59972.20130789978,19.08580017089844,0.138383001089096,R
59980.16303239996,17.534400939941406,0.050340998917818,g
59982.14365739981,17.23900032043457,0.052691001445055,R
59982.15891199978,17.28660011291504,0.0484599992632865,g
59991.18252310017,17.240400314331055,0.0466860011219978,R
59991.20493059978,17.374900817871094,0.0379929989576339,g
59994.15324069979,17.413827896118164,0.0362156480550766,R
