time,mag,magerr,band
59428.43856480019,19.11237335205078,0.1083714738488197,g
59430.39613430016,19.14545440673828,0.1014999374747276,R
59440.41841439996,19.525226593017575,0.141455665230751,g
59468.35991899995,20.5714168548584,0.1903430372476577,R
