time,mag,magerr,band
59812.29275459983,19.275400161743164,0.1367920041084289,g
59812.35077549983,19.09199905395508,0.2237499952316284,R
59816.28805560013,18.861900329589844,0.105393998324871,g
59818.2931597,18.73730087280273,0.1439580023288726,R
59820.2726619998,18.90220069885254,0.1165039986371994,g
59822.29401620012,18.908899307250977,0.1622900068759918,R
59822.31516199978,18.96199989318848,0.1247439980506897,g
59824.29412040021,18.94239997863769,0.1571259945631027,R
59841.20965280011,19.93327522277832,0.1786728203296661,g
