time,mag,magerr,band
59684.283101900015,17.229724884033203,0.0532212480902671,g
59689.26231480017,17.507671356201172,0.0546121150255203,R
59711.186423600186,19.217409133911133,0.1338195204734802,g
59711.27891199989,18.22593879699707,0.0993372052907943,R
59722.28990740003,19.983835220336918,0.1736711263656616,g
