time,mag,magerr,band
59415.41371530015,18.25909996032715,0.1387179940938949,R
59415.46119209984,18.502199172973636,0.1030000001192092,g
59422.42410880001,17.998369216918945,0.078658141195774,R
59422.4521643999,18.440563201904297,0.1112183108925819,g
59424.40533560002,17.997955322265625,0.1169523298740387,R
59429.42728010006,19.128950119018555,0.1635243594646453,g
59429.466261600144,18.39593315124512,0.08035359531641,R
