time,mag,magerr,band
59525.53990740003,19.003936767578125,0.1328972578048706,R
59531.48407409992,20.06909942626953,0.2774220108985901,g
59536.50432869978,19.015186309814453,0.1407266706228256,R
