time,mag,magerr,band
59923.54771990003,19.49169921875,0.1910299956798553,R
59936.50738430023,20.0132999420166,0.2126310020685196,g
59951.54819440004,18.38349914550781,0.1049029976129531,R
59957.54010420013,19.399799346923828,0.2512049973011017,g
59967.433553200215,18.312400817871094,0.1231449991464614,R
59969.519861099776,19.980199813842773,0.2132219970226287,g
59972.51106479997,18.3976993560791,0.0991299971938133,R
59972.5378124998,19.82410049438477,0.1746390014886856,g
59996.4996181,19.47352409362793,0.145556166768074,R
