time,mag,magerr,band
59498.14524309989,19.225072860717773,0.0945712998509407,g
59503.16831019986,18.83599281311035,0.13025464117527,R
59510.20721059991,18.65120506286621,0.1014744713902473,g
59521.14965280006,19.174510955810547,0.0989744886755943,R
59521.192824100144,19.25539779663086,0.1208549737930297,g
59525.14936339995,19.508033752441406,0.1571274250745773,R
59525.20496529993,19.670276641845703,0.1983195543289184,g
59527.10708330013,19.47182846069336,0.1389252841472625,R
59527.14545139996,19.910818099975582,0.2052794992923736,g
