time,mag,magerr,band
60250.42009259993,18.30593490600586,0.0812177285552024,R
