time,mag,magerr,band
59760.22430559993,18.69379234313965,0.087294302880764,g
59760.26546300016,18.758358001708984,0.0925668701529502,R
59771.32432870008,18.86827087402344,0.1404496878385543,g
