time,mag,magerr,band
59230.13120369986,19.13651657104492,0.1242653951048851,R
