time,mag,magerr,band
60082.246655100025,17.387535095214844,0.042548906058073,g
