time,mag,magerr,band
59168.21796299983,20.329877853393555,0.2036906331777572,g
