time,mag,magerr,band
59896.5234375,18.231800079345703,0.1005569994449615,R
59897.48960650014,18.072900772094727,0.0955199971795082,g
59903.48393520014,18.292299270629883,0.1066149994730949,R
59914.49943289999,19.01749992370605,0.1571269929409027,g
59923.45849539992,19.039600372314453,0.1889110058546066,R
59923.50310190022,19.631200790405277,0.2254150062799453,g
59930.504768500105,19.24639892578125,0.1241913959383964,R
