time,mag,magerr,band
59540.31657409994,18.37121963500977,0.1057441085577011,R
