time,mag,magerr,band
58991.179571799934,18.79980087280273,0.075092002749443,g
58994.19653940015,18.56399917602539,0.0657330006361007,R
58997.18209489994,18.36750030517578,0.0633959993720054,g
58997.271261599846,18.364599227905277,0.0626450031995773,R
59004.20857639983,19.120800018310547,0.133540004491806,g
59009.184733800124,18.96944236755371,0.1221067085862159,R
