time,mag,magerr,band
59696.1665856,19.173831939697266,0.1078909039497375,R
