time,mag,magerr,band
60206.176631900016,20.02104759216309,0.1786740720272064,R
