time,mag,magerr,band
59525.53990740003,19.677717208862305,0.1786054074764251,R
59531.48407409992,18.381065368652344,0.0800971239805221,g
59536.50432869978,18.30145263671875,0.0886629894375801,R
59550.49846060015,18.801572799682617,0.0891145318746566,g
