time,mag,magerr,band
59073.33417819999,19.674421310424805,0.1452045887708664,g
59076.35646989988,19.26774406433105,0.1102025434374809,R
59079.32350690011,18.93292617797852,0.1059870943427085,g
59079.35612270003,18.847213745117188,0.0970199853181839,R
59088.35226849979,19.13178825378418,0.1365517377853393,g
59088.357175900135,18.635469436645508,0.084621675312519,R
59089.35813659988,19.313241958618164,0.1465459018945694,g
