time,mag,magerr,band
59417.4209838002,18.39609909057617,0.1709199994802475,g
59426.44270829996,19.14985656738281,0.1766861975193023,R
59429.420520800166,18.89678382873535,0.1266631633043289,g
59434.46125000017,19.016284942626957,0.0756363794207573,R
59436.45846060012,19.14854049682617,0.1409426480531692,g
59436.46136569977,19.212461471557617,0.1761084049940109,R
59439.4400231,19.217493057250977,0.1728238314390182,g
59442.44017359987,19.236417770385746,0.0849601328372955,R
59446.47836809978,19.708742141723636,0.199692964553833,g
