time,mag,magerr,band
60050.37439810019,19.19070053100586,0.1077999994158744,g
60052.33362270007,19.08209991455078,0.111005000770092,R
60052.33810190018,18.944299697875977,0.0903809964656829,g
60054.29829860013,18.999000549316406,0.0800589993596077,R
60058.31773150014,18.739999771118164,0.0751160010695457,g
60060.3188426001,18.91710090637207,0.1008180007338523,R
60073.25263890019,19.739500045776367,0.1762160062789917,g
60077.30881940015,19.482999801635746,0.1155690029263496,R
60079.26538190013,20.206371307373047,0.1838080435991287,g
