time,mag,magerr,band
59880.44318290008,19.308988571166992,0.1319978833198547,R
