time,mag,magerr,band
59779.31402780023,19.196800231933597,0.1204449981451034,R
59783.31378469989,18.588600158691406,0.0902649983763694,g
59783.357800900005,18.660600662231445,0.0748350024223327,R
59794.314953700174,18.2947998046875,0.0856880024075508,g
59802.2516319002,18.58550071716309,0.1396909952163696,R
59809.23190970021,19.188400268554688,0.1256249994039535,g
59812.188865699805,18.61992454528809,0.1606080085039138,R
