time,mag,magerr,band
60059.32728009997,18.86930084228516,0.0855930000543594,g
60061.31974539999,17.814599990844727,0.0555820018053054,R
60081.31439810013,16.233200073242188,0.0403500013053417,g
60083.21076390008,16.454999923706055,0.0572400018572807,R
60100.187951399945,17.68079948425293,0.0788320004940033,g
60102.19241899997,17.11440086364746,0.0540109984576702,R
60127.19567129994,18.84000015258789,0.1180799975991249,g
60127.26388890017,18.21540069580078,0.0754590034484863,R
60164.18796300003,19.546367645263672,0.1765564233064651,g
