time,mag,magerr,band
59923.46148149995,18.44860076904297,0.1271020025014877,g
59923.48153939983,18.492799758911133,0.1111619994044303,R
59930.4545948999,18.57889938354492,0.1191420033574104,g
59930.46038189996,19.00300025939941,0.1856669932603836,R
59933.43842589995,18.88759994506836,0.1920730024576187,g
59933.46109949984,18.807300567626957,0.1810050010681152,R
59935.44104170008,19.181093215942383,0.1218467578291893,g
