time,mag,magerr,band
59967.514826400205,17.725799560546875,0.0628879964351654,R
59971.45121529978,17.780799865722656,0.0727709978818893,g
59977.4715741002,17.92490005493164,0.0568570010364055,R
59993.43629630003,19.09650039672852,0.1741089969873428,g
59996.51763889985,18.521299362182617,0.0711459964513778,R
59996.53217589995,19.63089942932129,0.1191850006580352,g
60020.38733799989,19.48485374450684,0.1193501353263855,R
