time,mag,magerr,band
59806.184444400016,19.844900131225582,0.1879419982433319,g
59808.18546300009,19.304000854492188,0.1355800032615661,R
59810.20605320018,19.12619972229004,0.1179419979453086,g
59812.17756940005,18.94260025024414,0.1273059993982315,R
59812.21634260006,18.89900016784668,0.1038469970226287,g
59815.18719909992,18.785499572753903,0.1048360019922256,R
59815.19407409988,18.792400360107425,0.0885670036077499,g
59817.2022338002,18.75429916381836,0.1011790037155151,R
59823.19555559987,19.097034454345703,0.107459083199501,g
