time,mag,magerr,band
60198.3368981001,18.91098976135254,0.1021008193492889,g
