time,mag,magerr,band
59412.24652779987,20.34239959716797,0.3056429922580719,g
59415.1864467999,19.44059944152832,0.1879699975252151,R
59423.19642359996,18.85322380065918,0.0697711035609245,g
59425.182164399885,18.90768051147461,0.0907623991370201,R
59429.28032410005,19.00028610229492,0.158016175031662,g
59439.19886570005,19.26970863342285,0.1777234077453613,R
