time,mag,magerr,band
59473.17206020001,19.971900939941406,0.2381470054388046,g
59478.17270829994,19.43120002746582,0.2380080074071884,R
59480.13901619986,19.13646507263184,0.1358623802661895,g
59489.17658559978,19.012399673461918,0.1179110035300254,R
59489.19337960007,19.139799118041992,0.1338919997215271,g
59491.15159719996,19.071531295776367,0.1339999139308929,R
59498.13002309995,19.479717254638672,0.1243765577673912,g
