time,mag,magerr,band
60036.1979398001,17.938100814819336,0.0644550025463104,R
60036.28721059999,17.837200164794922,0.0787059962749481,g
60043.18598379986,17.943599700927734,0.0486089996993541,R
60045.15847219992,17.993600845336914,0.0419810004532337,g
60045.21934030019,18.055200576782227,0.0529199987649917,R
60050.15891199978,18.432899475097656,0.0641089975833892,g
60052.15736109996,18.47760009765625,0.0663240030407905,R
60055.185914400034,18.9158992767334,0.097680002450943,g
60065.20656249998,18.81278610229492,0.1200370788574218,R
