time,mag,magerr,band
60204.4901389,20.76219940185547,0.2327709943056106,g
60206.461111099925,19.87820053100586,0.1313749998807907,R
60208.465729199816,20.02300071716309,0.2124350070953369,g
60211.45999999996,19.12969970703125,0.076564997434616,R
60213.4583101999,19.81739997863769,0.1853629946708679,g
60225.46118059987,19.67538452148437,0.128136858344078,R
