time,mag,magerr,band
58891.23067130009,18.481800079345703,0.1004069969058036,g
58894.25442129979,18.25239944458008,0.0758749991655349,R
58909.21690970007,18.710899353027344,0.1817490011453628,g
58912.21201389981,18.223255157470703,0.0696191117167472,R
58912.24700229988,18.803878784179688,0.1220982819795608,g
58915.15179400006,18.219072341918945,0.0960436016321182,R
58940.17153939977,19.950300216674805,0.2776939868927002,g
58955.19143520016,19.24289894104004,0.1545299887657165,R
