time,mag,magerr,band
59869.47847220022,19.3705997467041,0.1436470001935959,g
59869.49731480004,19.23080062866211,0.1268270015716552,R
59872.4740394,19.093799591064453,0.0828630030155181,g
59872.510231500026,18.91390037536621,0.0864650011062622,R
59878.451180600096,19.0403995513916,0.0959319993853569,g
59889.45376159996,19.14800071716309,0.1328170001506805,R
59889.49574070005,19.670799255371094,0.1990589946508407,g
59908.426990699954,19.669471740722656,0.1445967704057693,R
