time,mag,magerr,band
59264.498680599965,19.314870834350582,0.0940402224659919,g
59264.524733799975,18.95533561706543,0.0945221483707428,R
59266.50734949997,19.145299911499023,0.1169769987463951,g
59268.47722220002,18.56791114807129,0.0784111991524696,R
59270.45585650019,19.769399642944336,0.3049519956111908,g
59280.44445599988,19.579572677612305,0.1605647504329681,R
