time,mag,magerr,band
59977.45695600007,19.908300399780277,0.2523809969425201,g
59977.4745139,20.15439987182617,0.2993040084838867,R
59996.437372699846,18.82710075378418,0.0804219990968704,g
59996.45704860008,18.85149955749512,0.0695279985666275,R
60016.40950229997,20.48889923095703,0.3423730134963989,g
60016.43365739984,19.553300857543945,0.1327800005674362,R
60021.36493059993,20.728900909423828,0.3135969936847687,g
60032.40824070014,20.176502227783203,0.1883212327957153,R
