time,mag,magerr,band
59439.35664349981,18.66266441345215,0.1139669343829155,R
59444.31402780023,18.461944580078125,0.1362626850605011,g
59459.23204859998,18.99077606201172,0.0939878672361373,R
59467.21001160005,19.86368179321289,0.1859923899173736,g
