time,mag,magerr,band
59543.17299770005,19.344865798950195,0.1669434159994125,g
