time,mag,magerr,band
59932.11409719987,19.81346893310547,0.1342005729675293,g
