time,mag,magerr,band
60086.22368060006,20.65614128112793,0.1350550651550293,g
