time,mag,magerr,band
59753.27531250008,19.21604347229004,0.1277994960546493,g
