time,mag,magerr,band
59779.18600689992,18.888721466064453,0.0871228352189064,R
