time,mag,magerr,band
59971.45815970004,20.2234001159668,0.2111629992723465,g
59971.51141199982,20.36370086669922,0.295971006155014,R
59977.457893500105,18.96339988708496,0.0964030027389526,g
59984.4618286998,18.82869911193848,0.1234500035643577,R
59993.47545140004,18.820899963378903,0.0896300002932548,g
60016.434652800206,19.73838806152344,0.1613107323646545,R
