time,mag,magerr,band
59922.19067130005,18.90539932250977,0.0925379991531372,R
59922.22003469989,18.741100311279297,0.1077160015702247,g
59933.14089119993,18.096399307250977,0.0678599998354911,R
59933.19613429997,18.284099578857425,0.0852250009775161,g
59935.14190969989,18.11540031433105,0.0607869997620582,R
59951.1240046001,19.20669937133789,0.2702870070934295,g
59951.18493060023,18.33381080627441,0.1059568524360656,R
