time,mag,magerr,band
60020.355509299785,18.10610008239746,0.0584729984402656,R
60046.25153939985,19.5442008972168,0.1410219967365265,g
60046.31642360008,18.67399787902832,0.1007968336343765,R
