time,mag,magerr,band
60252.33063660003,18.4194393157959,0.0818443968892097,R
