time,mag,magerr,band
59047.259733799845,19.3226261138916,0.0988641381263732,g
