time,mag,magerr,band
59472.38278939994,19.63677024841309,0.1112302392721176,R
