time,mag,magerr,band
59740.42620369978,20.28190040588379,0.3392980098724365,g
59752.40662040003,19.25410461425781,0.1339987367391586,R
59755.42327550007,20.489500045776367,0.2751269936561584,g
59755.44478010014,18.952123641967773,0.0786366388201713,R
59757.38975689979,20.19795608520508,0.2162782847881317,g
59762.42333329981,18.781179428100582,0.1147043406963348,i
59763.4352545999,19.11540031433105,0.1054669991135597,R
59765.42365740007,20.85269927978516,0.2975409924983978,g
59829.4212962999,19.345815658569336,0.1131734922528266,R
