time,mag,magerr,band
59824.43584490009,19.10709953308105,0.1046829968690872,g
59829.47931709979,18.27925491333008,0.0537431649863719,R
