time,mag,magerr,band
60029.388425900135,18.33060073852539,0.0882999971508979,g
60044.28422449995,19.024999618530277,0.1013889983296394,R
60046.28100690013,19.46949958801269,0.1470690071582794,g
60052.32927080011,19.255800247192383,0.0951090008020401,R
60052.34482639981,20.012300491333008,0.2347510010004043,g
60054.30447919993,19.31629943847656,0.1060480028390884,R
60054.33969909977,20.14179992675781,0.2299100011587143,g
60060.32693290012,19.624141693115234,0.1432834714651107,R
