time,mag,magerr,band
59489.27231479995,19.77890014648437,0.1776130050420761,R
59491.272141200025,18.997499465942383,0.228312999010086,g
59497.29762730002,18.82926750183105,0.1318180710077285,R
59505.20667820005,18.778039932250977,0.2163214832544326,g
59505.23146989988,18.648239135742188,0.1189519017934799,R
59512.21005789982,19.22885513305664,0.1245474740862846,g
59523.14505789988,19.51490592956543,0.1176396459341049,R
59526.18900460005,20.55419921875,0.3382079899311065,g
59529.168229199946,19.65669059753418,0.2083361148834228,R
