time,mag,magerr,band
59423.21653940016,18.816429138183597,0.0696775168180465,g
59425.19821760012,18.7683048248291,0.1192919015884399,R
59425.22425930016,18.937894821166992,0.1174069568514823,g
59427.19520829991,18.84140014648437,0.1323277503252029,R
59434.21702549979,19.7781982421875,0.1577976793050766,g
59436.19238429982,19.104867935180664,0.1579438298940658,R
