time,mag,magerr,band
59449.49394680001,18.36173439025879,0.1297224909067154,R
