time,mag,magerr,band
60247.13456019992,18.88010025024414,0.2807860076427459,R
60262.20333330007,18.772706985473636,0.0740656852722168,g
