time,mag,magerr,band
60217.1416782001,18.76460075378418,0.1817629933357238,g
60217.320995400194,18.743900299072266,0.1260470002889633,R
60239.2766435002,19.39035987854004,0.0910757780075073,g
