time,mag,magerr,band
60200.361296299845,18.96220016479492,0.0908109992742538,g
60200.4027315001,19.260499954223636,0.1194079965353012,R
60202.21266200021,19.09650039672852,0.1395410001277923,g
60209.27307870006,19.180200576782227,0.1485839933156967,R
60212.24142359989,19.445785522460938,0.1532556265592575,g
