time,mag,magerr,band
60242.17373839999,19.65489959716797,0.2234150022268295,g
60251.176076400094,18.62849998474121,0.1106719970703125,R
60255.1706019002,18.49740028381348,0.0756279975175857,g
60258.10733800009,18.560800552368164,0.1151830032467842,R
60258.13133100001,18.638900756835938,0.1170699968934059,g
60260.10813659988,18.786300659179688,0.1090549975633621,R
60268.11325229984,19.34572410583496,0.164936289191246,g
