time,mag,magerr,band
58873.52141200006,18.784900665283203,0.1085650026798248,R
58885.4595718002,18.32110023498535,0.112864002585411,g
58888.48421300016,18.16510009765625,0.118427999317646,R
58888.52348379977,18.271699905395508,0.1896969974040985,g
58895.48082179995,18.37619972229004,0.0965770035982132,R
58895.54119209992,19.11240005493164,0.1380099952220916,g
58912.44216440013,19.206254959106445,0.1567576378583908,R
