time,mag,magerr,band
59922.23055560002,18.617599487304688,0.0910850018262863,g
59940.242592600174,18.338600158691406,0.0719730034470558,R
59957.12697920017,19.14459991455078,0.2768760025501251,g
59965.169386600144,19.016700744628903,0.0987399965524673,R
59968.17217590008,19.7101993560791,0.1890330016613006,g
59984.1495254999,19.576221466064453,0.1888671368360519,R
