time,mag,magerr,band
59983.12847220013,19.13800048828125,0.1034419983625412,g
59985.18781250017,18.93429946899414,0.1120230033993721,R
59991.19444439979,18.80719947814941,0.1099980026483535,g
59991.22721059993,18.564599990844727,0.0880369991064071,R
59994.26927080005,18.89940071105957,0.1282760053873062,g
60021.16641200008,19.84412384033203,0.2145280838012695,R
