time,mag,magerr,band
60232.48800930008,19.37247657775879,0.1159792467951774,R
