time,mag,magerr,band
59897.42585649993,18.392200469970703,0.1095990017056465,R
59902.47111110017,18.438600540161133,0.1414670050144195,g
59902.520115700085,18.3174991607666,0.0993179976940155,R
59904.433263900224,18.486299514770508,0.1124449968338012,g
59904.52143519977,18.4689998626709,0.0716580003499984,R
59906.42555559985,18.672100067138672,0.0982619971036911,g
59909.45709489984,18.83639907836914,0.0826610028743743,R
59909.48334489996,19.024999618530277,0.0907069966197013,g
59935.463368100114,19.915584564208984,0.1443284898996353,R
