time,mag,magerr,band
59155.36548609985,18.63099670410156,0.1097090542316436,g
