time,mag,magerr,band
60213.39564809995,18.870973587036133,0.1219388619065284,g
