time,mag,magerr,band
59965.40072919987,19.650999069213867,0.1826999932527542,g
59972.37858799985,19.02864646911621,0.0947050303220748,R
