time,mag,magerr,band
59496.474965299945,18.290321350097656,0.0870363935828208,R
