time,mag,magerr,band
60093.29873839999,19.2105770111084,0.1660537123680114,g
