time,mag,magerr,band
59428.32353009982,17.914695739746094,0.0482398495078086,g
59428.36273150006,18.25989151000977,0.0568114407360553,R
59430.319861100055,17.75370216369629,0.0485687516629695,g
59430.354305599816,18.001508712768555,0.0576539933681488,R
59435.394826400094,18.25150680541992,0.0588375627994537,g
59438.32362269983,18.44014358520508,0.0833282247185707,R
59440.27644680021,18.806997299194336,0.0724675804376602,g
59442.35185190011,19.2020320892334,0.1026004180312156,R
