time,mag,magerr,band
59869.12879629992,19.5664005279541,0.1592990010976791,g
59873.145949100144,18.774900436401367,0.0965019986033439,R
59879.14892360009,18.52470016479492,0.1157160028815269,g
59883.10739579983,18.550899505615234,0.0871549993753433,R
59883.150358799845,18.60700035095215,0.1070439964532852,g
59887.13547449978,18.822799682617188,0.1192720010876655,R
59889.213680599816,19.11599922180176,0.2576760053634643,g
59900.12274309993,19.239730834960938,0.1775415241718292,R
