time,mag,magerr,band
59894.15173610021,19.06920051574707,0.1122260019183158,R
59896.21646990022,19.046899795532227,0.1577779948711395,g
59898.23287039995,18.968599319458008,0.1095250025391578,R
59900.19668979989,19.14150047302246,0.2454680055379867,g
59902.15032410016,18.93910026550293,0.1114170029759407,R
59904.186180599965,19.16349983215332,0.1471350044012069,g
59906.14898149995,18.934799194335938,0.0938939973711967,R
59910.14406249998,19.49090003967285,0.1364129930734634,g
59913.14803239983,19.374347686767575,0.1272014081478119,R
