time,mag,magerr,band
59957.3619328998,18.264707565307617,0.1507145166397094,g
