time,mag,magerr,band
59065.40890049981,19.113000869750977,0.2241699993610382,R
59066.41627309984,19.138500213623047,0.1568360030651092,g
59066.46158559993,18.89086532592773,0.1177113503217697,R
