time,mag,magerr,band
59700.36091439985,18.49176406860352,0.0764083862304687,g
59702.40793980006,18.56971740722656,0.0876665487885475,R
59702.44928239984,18.38309097290039,0.0718806385993957,g
59710.39111110009,18.55859375,0.0980845913290977,R
59710.4535416998,18.485769271850582,0.0881252437829971,g
59712.39149310021,18.69062805175781,0.1064944416284561,R
59714.31173609989,18.812856674194336,0.1572542786598205,g
59723.31981479982,19.1865348815918,0.1272965371608734,R
59725.34739580005,20.05691909790039,0.1503915190696716,g
