time,mag,magerr,band
58855.36079860013,19.411800384521484,0.2149319946765899,R
58855.460821799934,19.54439926147461,0.1362269967794418,g
58862.34168979991,18.578100204467773,0.1323419958353042,R
58862.41888889996,19.072900772094727,0.2008360028266906,g
58866.34158559982,18.37350082397461,0.103192999958992,R
58875.33192129992,19.23600006103516,0.0997269973158836,g
58878.29866900016,18.561899185180664,0.0891129970550537,R
58878.37775459979,19.44910049438477,0.1460379958152771,g
58884.23136569979,18.74228858947754,0.1653822958469391,R
