time,mag,magerr,band
59744.39936339995,19.28400039672852,0.2202630043029785,R
59750.417963000014,18.94759178161621,0.1272486001253128,g
59752.41370370006,18.358760833740234,0.0743450671434402,R
59752.43826390011,18.69898223876953,0.1020721346139907,g
59756.39037040016,18.25672721862793,0.0690877512097358,R
59762.43813659996,18.725770950317383,0.0799002051353454,i
59763.340138900094,18.20063591003418,0.0700428262352943,R
59770.42035879986,19.09650039672852,0.0916529968380928,g
59800.39856480016,19.54299736022949,0.1393358260393142,R
