time,mag,magerr,band
59470.46525460016,19.08489227294922,0.1468316316604614,R
59472.45429399982,19.74080848693848,0.1445913314819336,g
59472.493437500205,19.103052139282227,0.1078287661075592,R
59474.45241900021,20.14324760437012,0.2040824443101883,g
59479.44356480008,19.290367126464844,0.1448450833559036,R
59479.46951390011,19.874000549316406,0.2707279920578003,g
59498.49215279985,20.337085723876957,0.1956189423799514,R
