time,mag,magerr,band
58980.18771990016,18.55909919738769,0.0693499967455864,g
58980.23872689996,18.86529922485352,0.0729079991579055,R
58986.185000000056,18.996999740600582,0.084707997739315,g
58986.23925929982,19.09239959716797,0.0868830010294914,R
58996.17503469996,19.94050025939941,0.1711219996213913,g
58999.17209490016,19.50324249267578,0.2053231447935104,R
