time,mag,magerr,band
59531.28822920006,18.818523406982425,0.0862371101975441,R
59536.3995949002,18.61319351196289,0.129163309931755,g
