time,mag,magerr,band
59168.51011569984,19.614877700805664,0.1488033384084701,g
59168.52964119986,19.054800033569336,0.1319279968738556,R
59173.486944399774,19.50349998474121,0.1175569966435432,g
59173.531122699846,18.78779983520508,0.1565549969673156,R
59176.5061805998,19.40839958190918,0.1502130031585693,g
59176.5535995001,18.803199768066406,0.152098000049591,R
59181.53089120006,19.984699249267575,0.2475849986076355,g
59184.50950230006,19.145584106445312,0.1402133405208587,R
