time,mag,magerr,band
59971.45020829979,19.578800201416016,0.3138270080089569,g
59984.50909719989,17.24209976196289,0.0583240017294883,R
59994.48361109989,18.772600173950195,0.0773639976978302,g
60105.26950229984,20.385854721069336,0.204458400607109,R
