time,mag,magerr,band
60258.50599539978,18.81570053100586,0.0939859971404075,g
60260.4307407001,18.685400009155277,0.0728240013122558,R
60260.48193289992,18.54540061950684,0.064920999109745,g
60263.422048599925,18.58919906616211,0.0931650027632713,R
60263.48120369995,18.546537399291992,0.1140879243612289,g
