time,mag,magerr,band
60173.46255790023,20.17060089111328,0.1760910004377365,g
60222.322465300094,19.044361114501957,0.1456132531166076,R
