time,mag,magerr,band
60121.248923600186,19.9183406829834,0.2070997804403305,R
