time,mag,magerr,band
60253.311747699976,19.263999938964844,0.1195409968495369,R
60257.375451399945,18.653200149536133,0.1205720007419586,g
60259.336331000086,18.659900665283203,0.0971660017967224,R
60261.43452550005,18.53709983825684,0.1075470000505447,g
60261.49623840023,18.49810028076172,0.2335039973258972,R
60287.2092708,19.421199798583984,0.1339399963617324,g
60291.244675899856,18.87864112854004,0.0908064544200897,R
