time,mag,magerr,band
60058.18693289999,19.146900177001957,0.1141330003738403,g
60060.16671299981,18.52790069580078,0.0778520032763481,R
60064.16950230021,17.788299560546875,0.0609829984605312,g
60064.28048609989,17.909900665283203,0.0567819997668266,R
60077.26253469987,18.048099517822266,0.0601920001208782,g
60079.30561339995,18.164100646972656,0.057753000408411,R
60083.20498839999,18.69420051574707,0.0823109969496727,g
60092.27922450006,18.39493751525879,0.0814326927065849,R
