time,mag,magerr,band
58860.15443289978,18.6112060546875,0.1090966239571571,R
