time,mag,magerr,band
59956.507685199846,19.24530029296875,0.1906089931726455,R
59967.48745370004,18.4060001373291,0.0960550010204315,g
59967.5456019002,18.450899124145508,0.097239002585411,R
59969.51938659977,18.536699295043945,0.1084899976849556,g
59972.51153940009,18.58099937438965,0.1655569970607757,R
59972.53733799979,18.572399139404297,0.0866800025105476,g
59984.510509300046,19.000476837158203,0.1214997246861457,R
