time,mag,magerr,band
59356.1879166998,19.65077781677246,0.2090817838907241,g
