time,mag,magerr,band
59910.13605319988,20.02739143371582,0.1556248515844345,g
