time,mag,magerr,band
59856.251099499874,19.45531845092773,0.1501639038324356,g
