time,mag,magerr,band
59424.40344909998,18.976137161254883,0.1482637375593185,R
59435.43430559989,19.15277671813965,0.1063425093889236,g
59435.46712959977,18.867372512817383,0.0889676362276077,R
59438.44418979995,19.2307186126709,0.1281682699918747,g
59442.44298609998,19.311952590942383,0.1168417036533355,R
59442.46746530011,19.703311920166016,0.1607713401317596,g
