time,mag,magerr,band
60160.40637730016,19.147600173950195,0.1975249946117401,g
60160.45500000008,18.79129981994629,0.1010460034012794,R
60168.41254629986,18.885099411010746,0.0926019996404647,g
60168.47380790021,18.44050025939941,0.0594299994409084,R
60174.44859950012,19.248899459838867,0.1326279938220977,g
60182.47361110011,19.14837074279785,0.1009233817458152,R
