time,mag,magerr,band
60077.21847219998,18.18989944458008,0.0509230010211467,R
60077.287164399866,18.01609992980957,0.0761789977550506,g
60079.30420139991,18.137300491333008,0.0683370009064674,R
60081.22401619982,17.968599319458008,0.0732370018959045,g
60083.18061339995,18.104799270629883,0.077064998447895,R
60092.25225690007,18.511499404907227,0.0804499983787536,g
60116.22439809982,19.57621955871582,0.1635087877511978,R
