time,mag,magerr,band
59270.33920140006,19.626300811767575,0.3596889972686767,R
59270.38293980016,19.191539764404297,0.2038244307041168,g
59274.380381899886,19.1479549407959,0.1982951313257217,R
59276.257962999865,19.187692642211918,0.1345855593681335,g
59280.29758099979,18.75639915466309,0.0880459994077682,R
59280.37546300003,19.08652687072754,0.1262267529964447,g
59291.35374999978,19.926788330078125,0.1923270225524902,R
