time,mag,magerr,band
59819.37971059978,19.718700408935547,0.1522359997034073,g
59822.30665510008,19.41370010375977,0.1345250010490417,R
59854.27006939985,20.416717529296875,0.2108407020568847,g
